{"cameraMode":{"drawMode":0,"name":"Shaded","section":"Shading Mode"},"sceneLighting":true,"audioPlay":false,"sceneViewState":{"m_AlwaysRefresh":false,"showFog":true,"showSkybox":true,"showFlares":true,"showImageEffects":true,"showParticleSystems":true,"showVisualEffectGraphs":true,"m_FxEnabled":true},"in2DMode":false,"pivot":{"x":-1.705881953239441,"y":5.029699802398682,"z":22.528287887573243},"rotation":{"x":-0.13480377197265626,"y":-0.03805055096745491,"z":0.005208728369325399,"w":-0.9901816248893738},"size":12.536859512329102,"orthographic":false}