{"cameraMode":{"drawMode":0,"name":"Shaded","section":"Shading Mode"},"sceneLighting":false,"audioPlay":false,"sceneViewState":{"m_AlwaysRefresh":false,"showFog":true,"showSkybox":false,"showFlares":true,"showImageEffects":true,"showParticleSystems":true,"showVisualEffectGraphs":true,"m_FxEnabled":true},"in2DMode":false,"pivot":{"x":0.01705455780029297,"y":0.004484653472900391,"z":0.0456690788269043},"rotation":{"x":0.2141587883234024,"y":0.7318859100341797,"z":-0.5898052453994751,"w":0.2657513916492462},"size":7.986549377441406,"orthographic":false}